{"__type__":"cc.JsonAsset","_name":"map_01_077","json":{"paintData":{"mapCount":{"row":8,"col":13},"map":[[0,2,2,2,0,0,0,3,3,3,0,0,0],[0,2,2,1,2,2,2,3,3,3,3,3,0],[1,1,1,1,1,1,4,4,3,3,3,0,0],[0,0,0,0,1,4,4,4,4,0,0,0,0],[0,0,0,0,4,4,4,0,0,0,0,0,0],[0,0,0,0,0,0,0,0,0,0,0,0,0],[0,0,0,0,0,0,0,0,0,0,0,0,0],[0,0,0,0,0,0,0,0,0,0,0,0,0]]},"groupData":{"scale":0.41,"mapCount":{"row":5,"col":28},"pos":[{"x":1268.75,"y":182.7499542236328},{"x":263.6363525390625,"y":214.99998474121094},{"x":575,"y":129.00003051757812},{"x":927.77783203125,"y":224.5555419921875}]}}}