{"__type__":"cc.JsonAsset","_name":"map_01_011","json":{"paintData":{"mapCount":{"row":8,"col":13},"map":[[0,0,0,0,3,3,3,0,0,0,0,0,0],[0,0,0,1,3,3,3,3,4,4,0,0,0],[0,0,1,1,1,1,4,4,4,0,0,0,0],[0,0,0,2,2,2,1,1,4,4,0,0,0],[0,0,0,0,0,0,0,0,0,0,0,0,0],[0,0,0,0,0,0,0,0,0,0,0,0,0],[0,0,0,0,0,0,0,0,0,0,0,0,0],[0,0,0,0,0,0,0,0,0,0,0,0,0]]},"groupData":{"scale":0.5,"mapCount":{"row":4,"col":22},"pos":[{"x":285.71429443359375,"y":178.14285278320312},{"x":592.8571166992188,"y":227.28570556640625},{"x":964.28564453125,"y":215},{"x":700,"y":43}]}}}