{"__type__":"cc.JsonAsset","_name":"map_01_013","json":{"paintData":{"mapCount":{"row":8,"col":13},"map":[[0,0,0,0,3,3,3,0,0,0,0,0,0],[0,0,0,5,5,3,3,3,3,4,0,0,0],[0,0,5,5,4,4,4,4,4,0,0,0,0],[0,0,0,0,5,5,1,1,1,0,0,0,0],[0,0,0,0,1,1,1,0,0,0,0,0,0],[0,0,0,0,0,0,1,0,0,0,0,0,0],[0,0,0,0,0,0,0,0,0,0,0,0,0],[0,0,0,0,0,0,0,0,0,0,0,0,0]]},"groupData":{"scale":0.43999999999999995,"mapCount":{"row":5,"col":26},"pos":[{"x":914.28564453125,"y":178.142822265625},{"x":1241.6666259765625,"y":214.99998474121094},{"x":216.66665649414062,"y":200.6666259765625},{"x":571.4287109375,"y":190.42857360839844}]}}}