{"__type__":"cc.JsonAsset","_name":"map_01_012","json":{"paintData":{"mapCount":{"row":8,"col":13},"map":[[0,0,0,0,4,4,4,0,0,0,0,0,0],[0,0,0,3,3,4,4,4,2,2,0,0,0],[0,0,3,3,3,2,2,2,2,0,0,0,0],[0,0,0,0,0,1,1,1,0,0,0,0,0],[0,0,0,0,1,1,1,0,0,0,0,0,0],[0,0,0,0,0,0,0,0,0,0,0,0,0],[0,0,0,0,0,0,0,0,0,0,0,0,0],[0,0,0,0,0,0,0,0,0,0,0,0,0]]},"groupData":{"scale":0.48,"mapCount":{"row":4,"col":22},"pos":[{"x":999.9999389648438,"y":172.00001525878906},{"x":740,"y":180.60000610351562},{"x":441.6666564941406,"y":186.33334350585938},{"x":149.99998474121094,"y":172}]}}}