{"__type__":"cc.JsonAsset","_name":"map_01_024","json":{"paintData":{"mapCount":{"row":8,"col":13},"map":[[1,1,1,1,1,2,2,2,2,0,0,0,0],[0,0,3,3,1,1,2,4,2,0,0,0,0],[0,0,3,3,3,4,4,0,0,0,0,0,0],[0,0,0,0,3,4,4,0,0,0,0,0,0],[0,0,0,0,4,0,0,0,0,0,0,0,0],[0,0,0,0,0,0,0,0,0,0,0,0,0],[0,0,0,0,0,0,0,0,0,0,0,0,0],[0,0,0,0,0,0,0,0,0,0,0,0,0]]},"groupData":{"scale":0.44,"mapCount":{"row":5,"col":26},"pos":[{"x":571.4286499023438,"y":153.57142639160156},{"x":866.6666870117188,"y":157.6666717529297},{"x":1225,"y":200.6666717529297},{"x":249.99998474121094,"y":257.9999694824219}]}}}