{"__type__":"cc.JsonAsset","_name":"map_01_022","json":{"paintData":{"mapCount":{"row":8,"col":13},"map":[[0,0,0,0,0,1,0,0,0,0,0,0,0],[0,0,0,0,0,1,1,1,0,0,0,0,0],[0,0,0,4,4,4,1,3,0,0,0,0,0],[0,0,0,4,4,2,2,3,3,3,0,0,0],[0,4,4,2,2,2,2,3,3,3,0,0,0],[0,0,0,0,0,0,0,0,0,0,0,0,0],[0,0,0,0,0,0,0,0,0,0,0,0,0],[0,0,0,0,0,0,0,0,0,0,0,0,0]]},"groupData":{"scale":0.44,"mapCount":{"row":5,"col":26},"pos":[{"x":609.9999389648438,"y":215},{"x":292.8571472167969,"y":202.71426391601562},{"x":1221.4285888671875,"y":239.5714111328125},{"x":924.9999389648438,"y":186.3333282470703}]}}}