{"__type__":"cc.JsonAsset","_name":"map_01_034","json":{"paintData":{"mapCount":{"row":8,"col":13},"map":[[0,1,1,1,1,4,4,4,4,4,0,0,0],[0,0,1,0,1,1,2,2,4,0,4,0,0],[0,0,0,3,1,2,2,2,0,0,0,0,0],[0,0,0,3,3,3,3,3,2,2,0,0,0],[0,0,3,0,0,0,0,0,2,0,0,0,0],[0,0,0,0,0,0,0,0,0,0,0,0,0],[0,0,0,0,0,0,0,0,0,0,0,0,0],[0,0,0,0,0,0,0,0,0,0,0,0,0]]},"groupData":{"scale":0.44,"mapCount":{"row":5,"col":26},"pos":[{"x":187.49998474121094,"y":182.75},{"x":514.2857055664062,"y":153.5714111328125},{"x":825.0000610351562,"y":236.49998474121094},{"x":1128.5712890625,"y":215}]}}}