{"__type__":"cc.JsonAsset","_name":"map_01_037","json":{"paintData":{"mapCount":{"row":8,"col":13},"map":[[0,0,0,4,4,4,4,4,0,0,0,0,0],[0,0,1,1,4,1,4,3,4,3,3,0,0],[0,1,1,1,1,1,3,3,3,3,0,0,0],[0,0,0,0,1,2,2,2,3,0,0,0,0],[0,0,0,0,2,2,2,0,0,0,0,0,0],[0,0,0,0,0,0,2,0,0,0,0,0,0],[0,0,0,0,0,0,0,0,0,0,0,0,0],[0,0,0,0,0,0,0,0,0,0,0,0,0]]},"groupData":{"scale":0.44,"mapCount":{"row":5,"col":26},"pos":[{"x":800,"y":161.25001525878906},{"x":1138.8887939453125,"y":195.888916015625},{"x":474.9999694824219,"y":193.49998474121094},{"x":150.00001525878906,"y":190.42855834960938}]}}}