{"__type__":"cc.JsonAsset","_name":"map_01_010","json":{"paintData":{"mapCount":{"row":8,"col":13},"map":[[0,0,0,0,0,3,3,3,0,0,0,0,0],[0,0,0,4,4,4,4,3,3,3,3,2,0],[0,0,4,4,4,4,3,2,2,2,2,0,0],[0,0,0,0,0,0,2,2,2,0,0,0,0],[0,0,0,0,0,0,0,0,0,0,0,0,0],[0,0,0,0,0,0,0,0,0,0,0,0,0],[0,0,0,0,0,0,0,0,0,0,0,0,0],[0,0,0,0,0,0,0,0,0,0,0,0,0]]},"groupData":{"scale":0.5,"mapCount":{"row":4,"col":22},"pos":[{"x":637.5,"y":107.49999237060547},{"x":325,"y":258},{"x":887.5,"y":236.50001525878906}]}}}