{"__type__":"cc.JsonAsset","_name":"map_01_021","json":{"paintData":{"mapCount":{"row":8,"col":13},"map":[[2,2,2,4,0,0,3,3,3,3,0,0,0],[0,0,2,2,4,4,0,0,3,1,3,3,0],[0,0,4,4,4,4,1,1,1,1,1,1,0],[0,0,0,0,0,0,0,0,0,0,0,0,0],[0,0,0,0,0,0,0,0,0,0,0,0,0],[0,0,0,0,0,0,0,0,0,0,0,0,0],[0,0,0,0,0,0,0,0,0,0,0,0,0],[0,0,0,0,0,0,0,0,0,0,0,0,0]]},"groupData":{"scale":0.44,"mapCount":{"row":5,"col":26},"pos":[{"x":160,"y":249.3999786376953},{"x":821.4286499023438,"y":251.85711669921875},{"x":500.0000305175781,"y":251.85714721679688},{"x":1171.428466796875,"y":288.7142639160156}]}}}