{"__type__":"cc.JsonAsset","_name":"map_01_040","json":{"paintData":{"mapCount":{"row":8,"col":13},"map":[[0,0,0,2,2,4,4,4,0,0,0,0,0],[0,0,2,2,2,2,2,2,4,4,4,0,0],[0,0,2,3,0,0,0,1,4,0,0,0,0],[0,0,0,3,3,0,0,0,1,1,0,0,0],[0,3,3,3,3,1,1,1,1,1,0,0,0],[0,0,0,0,0,0,0,0,0,0,0,0,0],[0,0,0,0,0,0,0,0,0,0,0,0,0],[0,0,0,0,0,0,0,0,0,0,0,0,0]]},"groupData":{"scale":0.44,"mapCount":{"row":5,"col":26},"pos":[{"x":1216.6666259765625,"y":205.4444580078125},{"x":607.1427612304688,"y":190.42857360839844},{"x":278.5714416503906,"y":251.85716247558594},{"x":906.25,"y":258}]}}}