{"__type__":"cc.JsonAsset","_name":"map_01_058","json":{"paintData":{"mapCount":{"row":8,"col":13},"map":[[0,1,1,1,0,0,0,0,0,0,0,0,0],[0,0,1,1,1,1,2,2,2,2,0,0,0],[0,0,1,1,0,0,2,2,2,0,0,0,0],[0,0,0,4,4,4,0,0,2,3,0,0,0],[0,0,4,4,4,4,3,3,3,3,0,0,0],[0,0,0,0,0,0,0,0,3,3,3,0,0],[0,0,0,0,0,0,0,0,0,0,0,0,0],[0,0,0,0,0,0,0,0,0,0,0,0,0]]},"groupData":{"scale":0.44,"mapCount":{"row":5,"col":26},"pos":[{"x":266.6666564941406,"y":205.4444580078125},{"x":537.5,"y":182.74998474121094},{"x":864.2857055664062,"y":178.14283752441406},{"x":1187.5,"y":236.5}]}}}