{"__type__":"cc.JsonAsset","_name":"map_01_017","json":{"paintData":{"mapCount":{"row":8,"col":13},"map":[[0,0,0,0,0,1,0,0,0,0,0,0,0],[0,0,0,0,0,1,1,3,0,0,0,0,0],[0,0,0,1,1,3,3,3,0,0,0,0,0],[0,0,0,2,1,2,3,3,3,3,0,0,0],[0,0,2,2,2,4,4,4,4,0,0,0,0],[0,0,0,0,2,2,4,4,4,0,0,0,0],[0,0,0,0,0,0,0,0,0,0,0,0,0],[0,0,0,0,0,0,0,0,0,0,0,0,0]]},"groupData":{"scale":0.44,"mapCount":{"row":5,"col":26},"pos":[{"x":349.9999694824219,"y":257.9999694824219},{"x":612.4999389648438,"y":247.24996948242188},{"x":857.142822265625,"y":215},{"x":1114.2857666015625,"y":251.85714721679688}]}}}