{"__type__":"cc.JsonAsset","_name":"map_01_016","json":{"paintData":{"mapCount":{"row":8,"col":13},"map":[[0,0,0,2,2,2,4,4,0,0,0,0,0],[0,0,0,5,2,2,2,1,4,4,0,0,0],[0,0,5,5,2,1,1,1,1,0,0,0,0],[0,0,0,0,5,5,1,1,1,0,0,0,0],[0,0,0,0,0,0,0,0,0,0,0,0,0],[0,0,0,0,0,0,0,0,0,0,0,0,0],[0,0,0,0,0,0,0,0,0,0,0,0,0],[0,0,0,0,0,0,0,0,0,0,0,0,0]]},"groupData":{"scale":0.44,"mapCount":{"row":5,"col":26},"pos":[{"x":350.0000305175781,"y":190.42857360839844},{"x":600,"y":171.99996948242188},{"x":840,"y":232.1999969482422},{"x":1112.5,"y":236.49998474121094}]}}}