{"__type__":"cc.JsonAsset","_name":"map_01_038","json":{"paintData":{"mapCount":{"row":8,"col":13},"map":[[4,4,3,3,3,3,3,3,0,0,0,0,0],[0,0,4,4,3,3,3,0,2,2,0,0,0],[0,0,4,4,0,1,1,1,2,2,0,0,0],[0,0,0,0,4,1,1,1,1,2,2,2,0],[0,0,0,0,0,0,0,0,0,0,0,0,0],[0,0,0,0,0,0,0,0,0,0,0,0,0],[0,0,0,0,0,0,0,0,0,0,0,0,0],[0,0,0,0,0,0,0,0,0,0,0,0,0]]},"groupData":{"scale":0.44,"mapCount":{"row":5,"col":26},"pos":[{"x":235.71426391601562,"y":239.5714111328125},{"x":466.66668701171875,"y":157.66664123535156},{"x":821.4286499023438,"y":227.28570556640625},{"x":1135.7142333984375,"y":178.14285278320312}]}}}