{"__type__":"cc.JsonAsset","_name":"map_01_026","json":{"paintData":{"mapCount":{"row":8,"col":13},"map":[[0,0,0,2,2,2,2,2,0,0,0,0,0],[0,0,0,2,2,4,2,1,1,1,0,0,0],[0,0,4,4,4,1,1,3,3,0,0,0,0],[0,0,0,4,4,4,3,3,3,3,0,0,0],[0,0,0,0,4,3,3,0,0,0,0,0,0],[0,0,0,0,0,0,0,0,0,0,0,0,0],[0,0,0,0,0,0,0,0,0,0,0,0,0],[0,0,0,0,0,0,0,0,0,0,0,0,0]]},"groupData":{"scale":0.44,"mapCount":{"row":5,"col":26},"pos":[{"x":868.7499389648438,"y":161.24998474121094},{"x":162.5,"y":258.0000305175781},{"x":1219.9998779296875,"y":163.3999786376953},{"x":475,"y":215}]}}}