{"__type__":"cc.JsonAsset","_name":"map_01_029","json":{"paintData":{"mapCount":{"row":8,"col":13},"map":[[0,0,0,3,0,0,0,0,0,0,0,0,0],[0,0,0,3,3,3,0,0,0,0,0,0,0],[0,3,3,2,1,1,1,4,4,4,0,0,0],[0,2,2,2,2,1,1,1,4,4,4,4,0],[0,0,0,0,0,0,0,0,0,0,0,0,0],[0,0,0,0,0,0,0,0,0,0,0,0,0],[0,0,0,0,0,0,0,0,0,0,0,0,0],[0,0,0,0,0,0,0,0,0,0,0,0,0]]},"groupData":{"scale":0.44,"mapCount":{"row":5,"col":26},"pos":[{"x":475,"y":229.3333282470703},{"x":239.99998474121094,"y":197.80003356933594},{"x":1100,"y":172},{"x":764.2857055664062,"y":178.14283752441406}]}}}