{"__type__":"cc.JsonAsset","_name":"map_01_032","json":{"paintData":{"mapCount":{"row":8,"col":13},"map":[[0,0,0,3,3,4,0,0,0,0,0,0,0],[0,0,0,3,3,4,4,4,0,0,0,0,0],[0,3,3,0,1,1,1,2,0,0,0,0,0],[0,0,3,0,0,0,1,1,2,2,0,0,0],[0,0,0,0,0,0,2,2,2,2,0,0,0],[0,0,0,0,0,0,0,0,0,0,0,0,0],[0,0,0,0,0,0,0,0,0,0,0,0,0],[0,0,0,0,0,0,0,0,0,0,0,0,0]]},"groupData":{"scale":0.44,"mapCount":{"row":5,"col":26},"pos":[{"x":1164.28564453125,"y":239.57142639160156},{"x":650.0000610351562,"y":279.5000305175781},{"x":859.9998779296875,"y":249.4000244140625},{"x":321.4286193847656,"y":251.85714721679688}]}}}