{"__type__":"cc.JsonAsset","_name":"map_01_028","json":{"paintData":{"mapCount":{"row":8,"col":13},"map":[[4,4,4,2,2,2,2,2,0,0,0,0,0],[0,0,4,4,0,0,2,2,2,1,0,0,0],[0,0,4,3,3,3,0,0,1,1,0,0,0],[0,0,0,0,3,3,3,3,3,1,1,1,0],[0,0,0,0,0,0,0,0,0,0,0,0,0],[0,0,0,0,0,0,0,0,0,0,0,0,0],[0,0,0,0,0,0,0,0,0,0,0,0,0],[0,0,0,0,0,0,0,0,0,0,0,0,0]]},"groupData":{"scale":0.44,"mapCount":{"row":5,"col":26},"pos":[{"x":916.666748046875,"y":186.3333282470703},{"x":268.75,"y":247.25},{"x":1133.333251953125,"y":243.6666717529297},{"x":631.25,"y":268.7499084472656}]}}}