{"__type__":"cc.JsonAsset","_name":"map_01_052","json":{"paintData":{"mapCount":{"row":8,"col":13},"map":[[0,0,0,3,3,3,0,0,0,0,0,0,0],[0,0,0,0,3,3,3,0,0,0,0,0,0],[0,0,0,2,3,3,0,0,0,0,0,0,0],[0,0,0,2,2,2,4,4,4,4,1,1,0],[0,0,2,2,2,4,4,1,1,1,1,0,0],[0,0,0,0,0,0,0,0,0,0,0,0,0],[0,0,0,0,0,0,0,0,0,0,0,0,0],[0,0,0,0,0,0,0,0,0,0,0,0,0]]},"groupData":{"scale":0.44,"mapCount":{"row":5,"col":26},"pos":[{"x":1156.25,"y":204.25},{"x":900,"y":239.57138061523438},{"x":608.333251953125,"y":157.66665649414062},{"x":341.66668701171875,"y":186.3333282470703}]}}}