{"__type__":"cc.JsonAsset","_name":"map_01_018","json":{"paintData":{"mapCount":{"row":8,"col":13},"map":[[0,7,7,4,4,4,4,8,8,8,0,0,0],[0,0,7,7,7,7,4,4,8,8,8,0,0],[0,0,7,0,2,2,4,0,8,0,0,0,0],[0,0,0,0,0,0,2,0,0,0,0,0,0],[0,0,0,0,0,0,0,0,0,0,0,0,0],[0,0,0,0,0,0,0,0,0,0,0,0,0],[0,0,0,0,0,0,0,0,0,0,0,0,0],[0,0,0,0,0,0,0,0,0,0,0,0,0]]},"groupData":{"scale":0.44,"mapCount":{"row":5,"col":26},"pos":[{"x":257.1428527832031,"y":202.71426391601562},{"x":600,"y":178.14285278320312},{"x":849.9999389648438,"y":190.42852783203125},{"x":1083.3333740234375,"y":157.6666717529297}]}}}