{"__type__":"cc.JsonAsset","_name":"map_01_048","json":{"paintData":{"mapCount":{"row":8,"col":13},"map":[[0,0,0,0,4,4,4,4,4,0,0,0,0],[0,0,0,0,3,3,4,3,4,4,4,0,0],[0,0,0,1,3,3,3,3,3,2,0,0,0],[0,0,0,1,1,1,0,0,0,2,2,2,0],[0,0,1,0,1,0,0,0,2,0,2,0,0],[0,0,0,0,0,0,0,0,0,0,0,0,0],[0,0,0,0,0,0,0,0,0,0,0,0,0],[0,0,0,0,0,0,0,0,0,0,0,0,0]]},"groupData":{"scale":0.44,"mapCount":{"row":5,"col":26},"pos":[{"x":527.7777709960938,"y":253.22219848632812},{"x":868.7499389648438,"y":182.74998474121094},{"x":1199.9998779296875,"y":229.3332977294922},{"x":200.00001525878906,"y":229.33334350585938}]}}}