{"__type__":"cc.JsonAsset","_name":"map_01_020","json":{"paintData":{"mapCount":{"row":8,"col":13},"map":[[0,0,0,0,0,0,0,4,0,0,0,0,0],[0,0,0,0,1,1,1,4,4,4,0,0,0],[0,0,0,1,1,0,0,0,3,3,3,0,0],[0,0,0,2,2,2,0,0,0,3,3,0,0],[0,0,0,0,2,2,2,3,3,3,0,0,0],[0,0,0,0,0,0,2,0,0,0,0,0,0],[0,0,0,0,0,0,0,0,0,0,0,0,0],[0,0,0,0,0,0,0,0,0,0,0,0,0]]},"groupData":{"scale":0.44,"mapCount":{"row":5,"col":26},"pos":[{"x":300,"y":193.50001525878906},{"x":540,"y":249.40000915527344},{"x":775.0000610351562,"y":215},{"x":1107.142578125,"y":190.4285430908203}]}}}